{"ENV_Online Simulation_TotalLoss": 5594.524590006895, "ENV_Online Simulation_TotalLoss_epoch0": 5646.28605614197, "ENV_Online Simulation_Right action": 0.665443270433556, "ENV_Online Simulation_Right action_epoch0": 0.6577906726842897, "ENV_Online Simulation_Probability to choose the right action": 0.5710231070008668, "ENV_Online Simulation_Probability to choose the right action_epoch0": 0.5665158004673125, "ENV_Online Simulation_Weighted right action": 0.6621638917381474, "ENV_Online Simulation_Weighted right action_epoch0": 0.6557858209645728, "ENV_Online Simulation_Weighted probability to choose the right action:": 0.5710261742519225, "ENV_Online Simulation_Weighted probability to choose the right action:_epoch0": 0.5665221744592724, "_timestamp": 1713190870.362369, "_runtime": 1534.5550179481506, "_step": 3, "ENV_Train_TotalLoss": 1114.9807365707366, "ENV_Train_TotalLoss_epoch0": 1114.9807365707366, "ENV_Train_Right action": 0.7641146787067195, "ENV_Train_Right action_epoch0": 0.7641146787067195, "ENV_Train_Probability to choose the right action": 0.6768148555335465, "ENV_Train_Probability to choose the right action_epoch0": 0.6768148555335465, "ENV_Train_Weighted right action": 0.7641146787067195, "ENV_Train_Weighted right action_epoch0": 0.7641146787067195, "ENV_Train_Weighted probability to choose the right action:": 0.6768148555335465, "ENV_Train_Weighted probability to choose the right action:_epoch0": 0.6768148555335465, "ENV_Test_TotalLoss": 236.2084403703728, "ENV_Test_TotalLoss_epoch0": 236.2084403703728, "ENV_Test_Right action": 0.774336, "ENV_Test_Right action_epoch0": 0.774336, "ENV_Test_Probability to choose the right action": 0.7146707881883188, "ENV_Test_Probability to choose the right action_epoch0": 0.7146707881883188, "ENV_Test_Weighted right action": 0.8222926996644385, "ENV_Test_Weighted right action_epoch0": 0.8222926996644385, "ENV_Test_Weighted probability to choose the right action:": 0.7606764550758488, "ENV_Test_Weighted probability to choose the right action:_epoch0": 0.7606764550758488, "ENV_Test_proba_accuracy": 0.7146707881883178, "ENV_Test_proba_accuracy_epoch0": 0.7146707881883178, "ENV_Test_proba_accuracy_strategy_132": 0.7596401302439154, "ENV_Test_proba_accuracy_strategy_132_epoch0": 0.7596401302439154, "ENV_Test_proba_accuracy_strategy_23": 0.7115813522048424, "ENV_Test_proba_accuracy_strategy_23_epoch0": 0.7115813522048424, "ENV_Test_proba_accuracy_strategy_107": 0.8130958231948102, "ENV_Test_proba_accuracy_strategy_107_epoch0": 0.8130958231948102, "ENV_Test_proba_accuracy_strategy_43": 0.7270875093259502, "ENV_Test_proba_accuracy_strategy_43_epoch0": 0.7270875093259502, "ENV_Test_proba_accuracy_strategy_17": 0.6815142826807066, "ENV_Test_proba_accuracy_strategy_17_epoch0": 0.6815142826807066, "ENV_Test_proba_accuracy_strategy_93": 0.7206260330162636, "ENV_Test_proba_accuracy_strategy_93_epoch0": 0.7206260330162636, "ENV_Test_proba_accuracy_per_mean_strategy": 0.7355908551110816, "ENV_Test_proba_accuracy_per_mean_strategy_epoch0": 0.7355908551110816, "ENV_Test_proba_accuracy_per_mean_user": 0.7257489062645381, "ENV_Test_proba_accuracy_per_mean_user_epoch0": 0.7257489062645381, "ENV_Test_proba_accuracy_per_mean_user_and_bot": 0.760676455075849, "ENV_Test_proba_accuracy_per_mean_user_and_bot_epoch0": 0.760676455075849, "ENV_Test_accuracy": 0.774336, "ENV_Test_accuracy_epoch0": 0.774336, "ENV_Test_accuracy_strategy_132": 0.8073654390934845, "ENV_Test_accuracy_strategy_132_epoch0": 0.8073654390934845, "ENV_Test_accuracy_strategy_23": 0.7776700597834868, "ENV_Test_accuracy_strategy_23_epoch0": 0.7776700597834868, "ENV_Test_accuracy_strategy_107": 0.8686371100164204, "ENV_Test_accuracy_strategy_107_epoch0": 0.8686371100164204, "ENV_Test_accuracy_strategy_43": 0.7843511450381679, "ENV_Test_accuracy_strategy_43_epoch0": 0.7843511450381679, "ENV_Test_accuracy_strategy_17": 0.7377495462794919, "ENV_Test_accuracy_strategy_17_epoch0": 0.7377495462794919, "ENV_Test_accuracy_strategy_93": 0.7828096118299446, "ENV_Test_accuracy_strategy_93_epoch0": 0.7828096118299446, "ENV_Test_accuracy_per_mean_strategy": 0.7930971520068325, "ENV_Test_accuracy_per_mean_strategy_epoch0": 0.7930971520068325, "ENV_Test_accuracy_per_mean_user": 0.784546458353324, "ENV_Test_accuracy_per_mean_user_epoch0": 0.784546458353324, "ENV_Test_accuracy_per_mean_user_and_bot": 0.8222926996644389, "ENV_Test_accuracy_per_mean_user_and_bot_epoch0": 0.8222926996644389, "ENV_Online Simulation_TotalLoss_epoch1": 5594.524590006895, "ENV_Online Simulation_Right action_epoch1": 0.665443270433556, "ENV_Online Simulation_Probability to choose the right action_epoch1": 0.5710231070008668, "ENV_Online Simulation_Weighted right action_epoch1": 0.6621638917381474, "ENV_Online Simulation_Weighted probability to choose the right action:_epoch1": 0.5710261742519225, "_wandb": {"runtime": 1673}}