{"ENV_Online Simulation_TotalLoss": 5646.286056141969, "ENV_Online Simulation_TotalLoss_epoch0": 5646.286056141969, "ENV_Online Simulation_Right action": 0.6577906726842897, "ENV_Online Simulation_Right action_epoch0": 0.6577906726842897, "ENV_Online Simulation_Probability to choose the right action": 0.5665158004673125, "ENV_Online Simulation_Probability to choose the right action_epoch0": 0.5665158004673125, "ENV_Online Simulation_Weighted right action": 0.6557858209645728, "ENV_Online Simulation_Weighted right action_epoch0": 0.6557858209645728, "ENV_Online Simulation_Weighted probability to choose the right action:": 0.5665221744592724, "ENV_Online Simulation_Weighted probability to choose the right action:_epoch0": 0.5665221744592724, "_timestamp": 1714405063.1182153, "_runtime": 560.6799793243408, "_step": 0}